firstName,lastName,username,email,bio
Sarah,Martinez,sarahm_travels,sarah.martinez@email.com,Adventure seeker exploring the world one city at a time
Michael,Chen,mikey,michael.chen@email.com,Food enthusiast documenting culinary adventures abroad
Emma,Johnson,emmawanders,emma.j@email.com,Solo traveler capturing moments from around the globe
David,Patel,dpatel,david.patel@email.com,I love my vacations XD
Lisa,Anderson,lisa.a,lisa.anderson@email.com,Travel blogger sharing hidden
James,Rodriguez,jamesthejet,james.rod@email.com,Here to make some memories
Olivia,Kim,oliviakim,olivia.kim@email.com,Nature lover hiking trails across continents
Ryan,O'Connor,ryanwanderlust,ryan.oconnor@email.com,I'm here for a good time, not a long time
Aisha,Hassan,aisha_journeys,aisha.hassan@email.com,Cultural explorer
Carlos,Sliwa,carlosroams,carlos.sliwa@email.com,Life's beautiful moments